pub_key,alias,addresses,outgoing_channels,incoming_channels
GPBGSG,GPBGSG.com,1,"['006439780006730216', '329544070038057061', '914681820091458102', '525191170208517963', '268578343351623904', '482308958643617295', '853146908829782859']","['INV006439780006730216', 'INV329544070038057061', 'INV914681820091458102', 'INV525191170208517963', 'INV268578343351623904', 'INV482308958643617295', 'INV853146908829782859']"
ZMAHVA,ZMAHVA.com,1,"['422771696583045183', '303549289660800317']","['INV422771696583045183', 'INV303549289660800317']"
ARFUZV,ARFUZV.com,1,"['466362424342743057', '258368889645855165', '989097267384589518', '977492784906179181', '525191170208517963', '990507449660364966', '050873568500000051', '687300207934583879']","['INV466362424342743057', 'INV258368889645855165', 'INV989097267384589518', 'INV977492784906179181', 'INV525191170208517963', 'INV990507449660364966', 'INV050873568500000051', 'INV687300207934583879']"
ZVMBLR,ZVMBLR.com,1,"['388568654289184442', '957504866265573325', '238247743409413299', '270237245543307983', '561603895727122649', '491476424193496790', '468740181283155511', '263346552573652233', '476745601743158829']","['INV388568654289184442', 'INV957504866265573325', 'INV238247743409413299', 'INV270237245543307983', 'INV561603895727122649', 'INV491476424193496790', 'INV468740181283155511', 'INV263346552573652233', 'INV476745601743158829']"
SQURSN,SQURSN.com,1,"['827793713354708434', '575385006423269297']","['INV827793713354708434', 'INV575385006423269297']"
TMETCQ,TMETCQ.com,1,"['388568654289184442', '313991289014896473', '115466993553930034', '610713300495684473', '398988419155723322', '960153397825253540']","['INV388568654289184442', 'INV313991289014896473', 'INV115466993553930034', 'INV610713300495684473', 'INV398988419155723322', 'INV960153397825253540']"
LRUSDV,LRUSDV.com,1,"['679107110191841667', '162738838273924784', '006956148336906485', '610713300495684473', '619754269223974742', '147512458058016077', '575385006423269297', '681511929098671159', '581326294716933774']","['INV679107110191841667', 'INV162738838273924784', 'INV006956148336906485', 'INV610713300495684473', 'INV619754269223974742', 'INV147512458058016077', 'INV575385006423269297', 'INV681511929098671159', 'INV581326294716933774']"
HIBUMN,HIBUMN.com,1,"['566119565343320227', '261040205181194767', '382824411717768987', '936991061686281473']","['INV566119565343320227', 'INV261040205181194767', 'INV382824411717768987', 'INV936991061686281473']"
ZHSUSU,ZHSUSU.com,1,"['806021015350589167', '694864624705224851', '518366114161433538', '429283863956163674', '619754269223974742', '894691968145078302']","['INV806021015350589167', 'INV694864624705224851', 'INV518366114161433538', 'INV429283863956163674', 'INV619754269223974742', 'INV894691968145078302']"
BBSRQT,BBSRQT.com,1,"['509629907370860399', '732811954638785410', '081585050914345327', '754173711394729952', '827793713354708434', '369639993382514540', '814546779703646292', '802535800599400157']","['INV509629907370860399', 'INV732811954638785410', 'INV081585050914345327', 'INV754173711394729952', 'INV827793713354708434', 'INV369639993382514540', 'INV814546779703646292', 'INV802535800599400157']"
QHHTIP,QHHTIP.com,1,"['011722002092087151', '313991289014896473', '585710772869532748', '382824411717768987', '464268528359979031']","['INV011722002092087151', 'INV313991289014896473', 'INV585710772869532748', 'INV382824411717768987', 'INV464268528359979031']"
SZHMET,SZHMET.com,1,"['915756891927523405', '771536223762987937', '806021015350589167', '270237245543307983', '785669618570259084', '380037816053471677', '162738838273924784', '554481573432695784', '424499171965925179', '303549289660800317', '687300207934583879', '476745601743158829', '816973451576453147']","['INV915756891927523405', 'INV771536223762987937', 'INV806021015350589167', 'INV270237245543307983', 'INV785669618570259084', 'INV380037816053471677', 'INV162738838273924784', 'INV554481573432695784', 'INV424499171965925179', 'INV303549289660800317', 'INV687300207934583879', 'INV476745601743158829', 'INV816973451576453147']"
BSQAGE,BSQAGE.com,1,"['633067999152135391', '176798743964978510', '596185632681577250', '081585050914345327', '533207071039810530', '044239091024997970']","['INV633067999152135391', 'INV176798743964978510', 'INV596185632681577250', 'INV081585050914345327', 'INV533207071039810530', 'INV044239091024997970']"
VBNVLH,VBNVLH.com,1,"['566119565343320227', '433240487446436154', '961544891204846015', '377221482272889126', '491476424193496790', '154949368396805306', '624818930888932629', '814546779703646292']","['INV566119565343320227', 'INV433240487446436154', 'INV961544891204846015', 'INV377221482272889126', 'INV491476424193496790', 'INV154949368396805306', 'INV624818930888932629', 'INV814546779703646292']"
MCBADS,MCBADS.com,1,"['184530396815462792', '163209919128842789', '010961906383993065', '482308958643617295', '732109104880208995', '635492237278432750']","['INV184530396815462792', 'INV163209919128842789', 'INV010961906383993065', 'INV482308958643617295', 'INV732109104880208995', 'INV635492237278432750']"
HHHQQM,HHHQQM.com,1,"['242144886449035930', '694864624705224851', '744059503721480494', '989097267384589518', '325109199965391629', '072985178495404734', '154949368396805306', '369639993382514540', '268578343351623904', '050873568500000051']","['INV242144886449035930', 'INV694864624705224851', 'INV744059503721480494', 'INV989097267384589518', 'INV325109199965391629', 'INV072985178495404734', 'INV154949368396805306', 'INV369639993382514540', 'INV268578343351623904', 'INV050873568500000051']"
GPOTBG,GPOTBG.com,1,['006956148336906485'],['INV006956148336906485']
GMOEUE,GMOEUE.com,1,"['965236521774206983', '261040205181194767', '231445118580035221', '756462573807587304', '006439780006730216', '232295902173959813', '466362424342743057', '744059503721480494', '413536745115533734', '464268528359979031', '802535800599400157']","['INV965236521774206983', 'INV261040205181194767', 'INV231445118580035221', 'INV756462573807587304', 'INV006439780006730216', 'INV232295902173959813', 'INV466362424342743057', 'INV744059503721480494', 'INV413536745115533734', 'INV464268528359979031', 'INV802535800599400157']"
ECADQA,ECADQA.com,1,"['509629907370860399', '760465890205358650', '679107110191841667', '089328887721625172', '681511929098671159', '635492237278432750', '813112343440620445']","['INV509629907370860399', 'INV760465890205358650', 'INV679107110191841667', 'INV089328887721625172', 'INV681511929098671159', 'INV635492237278432750', 'INV813112343440620445']"
OPEPRQ,OPEPRQ.com,1,"['977492784906179181', '800640089827250838']","['INV977492784906179181', 'INV800640089827250838']"
NVTDEO,NVTDEO.com,1,"['509287029307734449', '732811954638785410', '184530396815462792', '231445118580035221', '517246680661774138', '842803307026910706', '214890512685236442', '424499171965925179', '044239091024997970', '398988419155723322', '010961906383993065', '581326294716933774']","['INV509287029307734449', 'INV732811954638785410', 'INV184530396815462792', 'INV231445118580035221', 'INV517246680661774138', 'INV842803307026910706', 'INV214890512685236442', 'INV424499171965925179', 'INV044239091024997970', 'INV398988419155723322', 'INV010961906383993065', 'INV581326294716933774']"
LDVOCG,LDVOCG.com,1,"['011722002092087151', '433240487446436154', '175791022622366338', '585710772869532748', '380037816053471677', '554481573432695784', '089328887721625172', '894691968145078302', '343932230355934441', '936991061686281473', '800640089827250838']","['INV011722002092087151', 'INV433240487446436154', 'INV175791022622366338', 'INV585710772869532748', 'INV380037816053471677', 'INV554481573432695784', 'INV089328887721625172', 'INV894691968145078302', 'INV343932230355934441', 'INV936991061686281473', 'INV800640089827250838']"
EPCHBS,EPCHBS.com,1,"['176798743964978510', '961544891204846015', '533207071039810530', '914681820091458102', '990507449660364966']","['INV176798743964978510', 'INV961544891204846015', 'INV533207071039810530', 'INV914681820091458102', 'INV990507449660364966']"
LRSDEI,LRSDEI.com,1,"['785669618570259084', '413536745115533734', '147512458058016077', '853146908829782859', '960153397825253540', '816973451576453147']","['INV785669618570259084', 'INV413536745115533734', 'INV147512458058016077', 'INV853146908829782859', 'INV960153397825253540', 'INV816973451576453147']"
PRTNLT,PRTNLT.com,1,"['175791022622366338', '422771696583045183', '115466993553930034', '163209919128842789', '377221482272889126', '813112343440620445']","['INV175791022622366338', 'INV422771696583045183', 'INV115466993553930034', 'INV163209919128842789', 'INV377221482272889126', 'INV813112343440620445']"
VUARUC,VUARUC.com,1,"['509287029307734449', '756462573807587304', '518366114161433538', '624818930888932629']","['INV509287029307734449', 'INV756462573807587304', 'INV518366114161433538', 'INV624818930888932629']"
GBVDIP,GBVDIP.com,1,"['771536223762987937', '596185632681577250', '232295902173959813', '242144886449035930', '214890512685236442', '429283863956163674', '159643358597114912']","['INV771536223762987937', 'INV596185632681577250', 'INV232295902173959813', 'INV242144886449035930', 'INV214890512685236442', 'INV429283863956163674', 'INV159643358597114912']"
BGRTDL,BGRTDL.com,1,"['915756891927523405', '965236521774206983', '957504866265573325', '238247743409413299', '842803307026910706', '754173711394729952', '263346552573652233']","['INV915756891927523405', 'INV965236521774206983', 'INV957504866265573325', 'INV238247743409413299', 'INV842803307026910706', 'INV754173711394729952', 'INV263346552573652233']"
HTHLZO,HTHLZO.com,1,"['633067999152135391', '325109199965391629', '072985178495404734', '468740181283155511', '732109104880208995']","['INV633067999152135391', 'INV325109199965391629', 'INV072985178495404734', 'INV468740181283155511', 'INV732109104880208995']"
GLUVUH,GLUVUH.com,1,"['760465890205358650', '517246680661774138', '258368889645855165', '329544070038057061', '561603895727122649', '159643358597114912', '343932230355934441']","['INV760465890205358650', 'INV517246680661774138', 'INV258368889645855165', 'INV329544070038057061', 'INV561603895727122649', 'INV159643358597114912', 'INV343932230355934441']"
